,bitwuzla,leanSAT,leanSAT-rw,leanSAT-bb,leanSAT-sat,leanSAT-lrat-t,leanSAT-lrat-c
0,78.140528,85.550821,16.724231,0.0,60.400822,0.0,5.806677
1,75.441052,81.788411,13.720732,0.0,60.51121,0.0,5.13553
2,10.61995,10.376751,10.365901,0.0,0.0,0.0,0.0
3,80.636247,89.963016,22.19868,0.0,59.972171,2.480871,3.927914
4,9.864515,9.872,9.860588,0.0,0.0,0.0,0.0
5,73.295454,84.502232,17.2349,0.0,59.461098,0.0,5.27291
6,73.456558,80.359625,14.233079,0.0,59.348295,0.0,4.240562
7,83.190798,106.426705,21.386167,0.0,60.115231,7.625069,15.072343
8,83.178815,116.881543,29.029732,0.0,60.540695,11.33997,13.722085
