,bitwuzla,leanSAT,leanSAT-rw,leanSAT-bb,leanSAT-sat,leanSAT-lrat-t,leanSAT-lrat-c
0,74.298435,80.396675,16.455224,0.0,55.543381,0.0,5.826306
1,72.01669,80.094915,16.808351,0.0,55.751404,0.0,5.068354
2,11.793657,11.47676,11.465999,0.0,0.0,0.0,0.0
3,77.392578,80.375295,18.610391,0.0,54.021159,2.60192,3.883349
4,9.818269,10.249333,10.23753,0.0,0.0,0.0,0.0
5,67.896485,73.55371,11.803626,0.0,54.080661,0.0,5.158505
6,68.331224,77.304229,17.405027,0.0,53.308384,0.0,4.163286
7,76.966923,108.454276,36.044964,0.0,56.201444,7.840046,6.606608
8,80.67495,110.0302,34.368801,0.0,55.612192,10.60878,7.89479
