,bitwuzla,leanSAT,leanSAT-rw,leanSAT-bb,leanSAT-sat,leanSAT-lrat-t,leanSAT-lrat-c
0,76.384173,83.679671,18.127277,0.0,54.86732,1.374974,7.157617
1,71.237802,90.757546,20.795312,0.0,60.105856,1.382118,6.445021
2,11.509629,11.211406,11.200245,0.0,0.0,0.0,0.0
3,76.386407,95.312522,19.665691,0.0,54.03619,5.763066,13.460189
4,10.292252,10.307752,10.295738,0.0,0.0,0.0,0.0
5,68.008198,82.291089,18.314159,0.0,53.756113,1.366509,6.860747
6,68.722374,83.24,16.858733,0.0,57.144437,1.428235,5.841564
7,81.136761,97.401695,21.43025,0.0,53.295473,8.263875,12.008034
8,76.094676,110.219243,21.213251,0.0,53.474601,18.094054,15.079957
