,bitwuzla,leanSAT,leanSAT-rw,leanSAT-bb,leanSAT-sat,leanSAT-lrat-t,leanSAT-lrat-c
0,74.852382,79.157458,13.186396,0.0,56.175826,1.455347,6.218676
1,73.266689,79.6146,13.974813,0.0,56.146531,1.36704,6.149054
2,10.695255,10.671971,10.66123,0.0,0.0,0.0,0.0
3,76.881422,97.991299,19.896899,0.0,55.977201,6.086215,13.383457
4,9.837144,9.811958,9.801628,0.0,0.0,0.0,0.0
5,69.345351,84.211433,18.313351,0.0,55.617361,1.415702,6.800564
6,70.159805,80.556507,16.641716,0.0,54.645719,1.476135,5.779026
7,79.208353,111.266311,21.559116,0.0,55.784305,18.036749,13.460052
8,80.023881,111.851597,22.179779,0.0,55.706639,18.611684,12.701591
