,bitwuzla,leanSAT,leanSAT-rw,leanSAT-bb,leanSAT-sat,leanSAT-lrat-t,leanSAT-lrat-c
0,77.698052,79.192392,12.773354,0.0,60.105394,0.0,3.79779
1,76.015272,78.633615,13.680425,0.0,59.456348,0.0,3.153842
2,10.618583,10.45503,10.443889,0.0,0.0,0.0,0.0
3,81.124809,86.510744,18.670191,0.0,60.252653,0.0,5.396835
4,9.789224,9.813289,9.801748,0.0,0.0,0.0,0.0
5,73.206736,77.071451,11.380606,0.0,59.792914,0.0,3.045728
6,73.05502,78.422029,13.905241,0.0,59.807612,0.0,2.022257
7,82.849855,92.494374,21.428277,0.0,60.396342,2.180786,6.944975
8,84.311441,95.958152,25.252343,0.0,60.244857,2.080065,6.812766
