,bitwuzla,leanSAT,leanSAT-rw,leanSAT-bb,leanSAT-sat,leanSAT-lrat-t,leanSAT-lrat-c
0,74.461205,73.197468,12.692883,0.0,53.914048,0.0,3.718748
1,69.419551,77.738157,18.062958,0.0,53.770716,0.0,3.227462
2,10.706354,10.488705,10.478475,0.0,0.0,0.0,0.0
3,74.149025,79.960994,18.765715,0.0,53.392925,0.0,5.492936
4,9.766822,10.257989,10.247508,0.0,0.0,0.0,0.0
5,70.369092,72.787695,11.639977,0.0,55.357381,0.0,3.060986
6,67.821773,75.910159,16.738419,0.0,54.489584,0.0,1.996798
7,79.294185,88.018779,23.692803,0.0,53.700014,2.147492,6.924257
8,80.050421,81.635464,21.402421,0.0,53.348422,2.011636,3.949815
