,bitwuzla,leanSAT,leanSAT-rw,leanSAT-bb,leanSAT-sat,leanSAT-lrat-t,leanSAT-lrat-c
0,73.64312,86.275611,16.052233,0.0,55.84969,2.401262,9.140249
1,71.52869,81.116992,13.852491,0.0,54.797832,2.281506,7.647352
2,10.724339,10.489316,10.478425,0.0,0.0,0.0,0.0
3,76.116427,106.818007,18.636321,0.0,55.450297,17.624911,12.182683
4,9.83459,9.834329,9.82415,0.0,0.0,0.0,0.0
5,69.734383,80.585321,12.04901,0.0,55.658018,2.475953,7.578031
6,69.744773,96.686527,25.985589,0.0,55.703894,2.548039,9.574609
7,78.873826,178.713808,22.021549,0.0,105.572969,21.960683,24.951928
8,78.606067,263.504886,28.586527,0.0,155.938467,36.738361,37.977081
