,bitwuzla,leanSAT,leanSAT-rw,leanSAT-bb,leanSAT-sat,leanSAT-lrat-t,leanSAT-lrat-c
0,6.496076,7.771005,0.0,0.0,0.0,0.0,0.0
1,6.057106,7.635305,0.0,0.0,0.0,0.0,0.0
2,13.539531,51.736115,0.0,0.0,0.0,0.0,0.0
3,108.002458,109.522277,0.0,0.09803,64.318566,0.71565,5.437606
4,16.768939,46.198259,0.0,0.0,0.0,0.0,0.0
5,81.188885,224.756519,0.0,0.0615,60.65519,0.26947,139.397046
6,100.208782,288.662507,0.0,0.07116,60.558179,0.24273,206.638362
7,129.337854,341.335231,0.0,0.118319,68.610484,2.570268,238.73339
8,128.044454,427.497713,0.0,0.19836,63.514648,3.669127,327.964331
