,bitwuzla,leanSAT,leanSAT-rw,leanSAT-bb,leanSAT-sat,leanSAT-lrat-t,leanSAT-lrat-c
0,6.574365,7.772844,0.0,0.0,0.0,0.0,0.0
1,6.016167,7.852235,0.0,0.0,0.0,0.0,0.0
2,13.566421,54.020423,0.0,0.0,0.0,0.0,0.0
3,99.412984,118.176331,0.0,0.17999,70.235973,1.831799,6.574596
4,16.359719,47.479508,0.0,0.0,0.0,0.0,0.0
5,84.024864,243.226097,0.0,0.12697,60.958009,0.548969,157.665785
6,101.642402,310.336172,0.0,0.12631,61.026179,1.221759,226.275268
7,131.973781,363.614966,0.0,0.20747,60.76846,5.096786,264.357743
8,133.834141,463.406209,0.0,0.39002,64.753807,11.761782,349.676005
