,bitwuzla,leanSAT,leanSAT-rw,leanSAT-bb,leanSAT-sat,leanSAT-lrat-t,leanSAT-lrat-c
0,6.409976,7.490465,0.0,0.0,0.0,0.0,0.0
1,6.366945,8.366645,0.0,0.0,0.0,0.0,0.0
2,13.393611,51.059775,0.0,0.0,0.0,0.0,0.0
3,99.330224,101.260002,0.0,0.03929,68.187234,0.27077,4.958547
4,16.974108,32.510718,0.0,0.0,0.0,0.0,0.0
5,79.542837,195.03443,0.0,0.0253,60.706349,0.14369,124.816377
6,96.711026,269.876759,0.0,0.0323,60.689559,0.15644,177.97264
7,136.327179,310.247322,0.0,0.04928,60.76739,0.474209,217.377205
8,106.662208,406.277057,0.0,0.05595,60.622989,0.61822,327.58297
