,bitwuzla,leanSAT,leanSAT-rw,leanSAT-bb,leanSAT-sat,leanSAT-lrat-t,leanSAT-lrat-c
0,6.266056,6.370828,6.36067,0.0,0.0,0.0,0.0
1,5.987025,6.430142,6.423664,0.0,0.0,0.0,0.0
2,10.440409,27.713234,27.689852,0.0,0.0,0.0,0.0
3,82.642308,91.558784,21.945827,0.410918,56.184118,2.175243,9.09936
4,11.725163,31.703769,31.68684,0.0,0.0,0.0,0.0
5,75.40651,197.506726,9.920596,0.302956,56.596981,0.928645,127.802798
6,82.760922,270.792257,15.816757,0.27447,55.133115,0.689553,197.227448
7,111.90729,344.520899,27.416272,0.444015,55.094997,7.905602,251.498184
8,82.193197,483.800682,17.860686,0.612438,59.113794,10.79407,392.313328
