,bitwuzla,leanSAT,leanSAT-rw,leanSAT-bb,leanSAT-sat,leanSAT-lrat-t,leanSAT-lrat-c
0,6.081346,6.987816,0.0,0.0,0.0,0.0,0.0
1,6.488796,8.161655,0.0,0.0,0.0,0.0,0.0
2,13.716131,51.302996,0.0,0.0,0.0,0.0,0.0
3,110.304566,103.6438,0.0,0.05928,60.611489,0.28052,4.979976
4,15.77696,46.666028,0.0,0.0,0.0,0.0,0.0
5,81.158346,204.401643,0.0,0.05183,71.783662,0.37865,118.545611
6,91.864738,288.066657,0.0,0.03122,71.538362,0.62536,203.479613
7,125.117076,335.539625,0.0,0.07371,64.446607,1.790578,236.674532
8,116.690172,419.015009,0.0,0.10302,61.044849,1.498509,327.71395
