,bitwuzla,leanSAT,leanSAT-rw,leanSAT-sat
0,583.657081,584.878172,405.372864,170.552624
1,254.073444,266.71603,185.253798,72.522486
2,204.429555,252.994772,96.341273,123.70016
3,326.227313,700.891936,178.556634,396.126552
4,265.688583,262.052626,175.911649,78.678518
5,312.651809,393.700916,247.704395,115.226145
6,294.343856,306.8657,173.423409,110.800077
7,313.177197,213.017796,139.697968,62.455898
