,bitwuzla,leanSAT,leanSAT-rw,leanSAT-sat
0,4078.075845,1506.888941,0.0,975.778924
1,2063.13394,1629.012646,0.0,505.029505
2,6044.843312,1342.338907,0.0,533.935275
3,794.012042,1321.133292,0.0,568.180551
4,332.287787,906.904632,0.0,433.110626
5,9318.634712,1337.34866,0.0,461.265616
6,862.116814,1079.117651,0.0,399.889919
7,7221.056226,9462.94524,0.0,270.937329
